{"cameraMode":{"drawMode":0,"name":"Shaded","section":"Shading Mode"},"sceneLighting":true,"audioPlay":false,"sceneViewState":{"m_AlwaysRefresh":false,"showFog":true,"showSkybox":true,"showFlares":true,"showImageEffects":true,"showParticleSystems":true,"showVisualEffectGraphs":true,"m_FxEnabled":true},"in2DMode":false,"pivot":{"x":1.1815032958984376,"y":0.4914582073688507,"z":0.34543299674987795},"rotation":{"x":0.29627370834350588,"y":-0.2199796736240387,"z":0.06884940713644028,"w":0.9270570874214172},"size":9.833274841308594,"orthographic":false}